{"cameraMode":{"drawMode":0,"name":"Shaded","section":"Shading Mode"},"sceneLighting":false,"audioPlay":false,"sceneViewState":{"showFog":true,"showMaterialUpdate":false,"showSkybox":false,"showFlares":true,"showImageEffects":true,"showParticleSystems":true},"in2DMode":false,"pivot":{"x":0.14856110513210298,"y":0.6718010902404785,"z":0.5962319374084473},"rotation":{"x":0.17696170508861543,"y":-0.0014762550126761199,"z":0.00026524014538154006,"w":0.9842180013656616},"size":1.6551077365875245,"orthographic":false}